ID операции;Дата;ID магазина;Артикул;Количество упаковок, шт.;Тип операции
11;2024-10-19;М77;101;146;Продажа
14;2024-10-04;М68;26;360;Поступление
32;2024-10-22;М75;75;116;Продажа
34;2024-11-28;М99;70;220;Поступление
37;2024-11-24;М59;113;246;Продажа
38;2024-11-05;М35;20;138;Продажа
48;2024-12-19;М81;23;259;Продажа
58;2024-10-03;М49;8;67;Продажа
68;2024-10-12;М54;109;390;Продажа
73;2024-11-06;М81;25;34;Продажа
77;2024-11-04;М35;119;272;Продажа
90;2024-10-12;М81;78;97;Продажа
97;2024-11-22;М59;57;160;Поступление
146;2024-10-22;М48;81;22;Продажа
153;2024-11-23;М46;31;360;Продажа
169;2024-12-09;М89;140;280;Поступление
185;2024-11-18;М59;100;300;Поступление
188;2024-12-09;М68;110;143;Продажа
207;2024-11-08;М73;30;100;Поступление
214;2024-11-11;М60;3;80;Поступление
224;2024-10-23;М15;109;220;Поступление
235;2024-12-02;М2;96;205;Продажа
237;2024-11-17;М46;132;371;Продажа
249;2024-12-04;М26;9;200;Поступление
254;2024-11-01;М54;79;340;Поступление
258;2024-11-26;М7;88;330;Продажа
263;2024-11-27;М21;22;384;Продажа
266;2024-12-13;М14;138;356;Продажа
268;2024-11-14;М44;15;23;Продажа
283;2024-10-21;М60;68;145;Продажа
284;2024-11-27;М73;7;94;Продажа
287;2024-10-16;М77;85;306;Продажа
292;2024-10-22;М46;2;260;Поступление
294;2024-11-22;М89;126;200;Поступление
301;2024-12-20;М34;61;338;Продажа
307;2024-11-14;М7;42;80;Поступление
312;2024-11-05;М44;104;63;Продажа
320;2024-12-11;М73;65;295;Продажа
327;2024-10-07;М79;82;366;Продажа
334;2024-12-10;М54;27;141;Продажа
365;2024-10-21;М89;45;360;Поступление
386;2024-10-23;М26;61;80;Продажа
398;2024-10-14;М59;1;180;Продажа
402;2024-11-01;М89;14;130;Продажа
419;2024-11-05;М59;61;140;Продажа
420;2024-11-26;М99;84;280;Поступление
424;2024-12-04;М49;104;346;Продажа
425;2024-11-15;М52;40;13;Продажа
433;2024-12-09;М99;145;120;Поступление
437;2024-10-06;М68;117;42;Продажа
445;2024-12-08;М2;74;380;Поступление
449;2024-12-09;М42;51;363;Продажа
453;2024-10-07;М14;105;120;Поступление
455;2024-10-02;М66;34;219;Продажа
467;2024-12-12;М84;59;173;Продажа
477;2024-11-29;М81;6;120;Продажа
478;2024-10-26;М54;45;260;Поступление
485;2024-10-01;М68;155;41;Продажа
495;2024-11-03;М54;88;360;Поступление
501;2024-11-10;М42;120;358;Продажа
509;2024-11-12;М21;37;360;Поступление
519;2024-10-04;М75;86;320;Поступление
526;2024-12-02;М14;93;360;Поступление
531;2024-11-10;М52;125;94;Продажа
533;2024-11-02;М7;145;200;Поступление
536;2024-12-15;М84;12;211;Продажа
538;2024-11-19;М77;129;93;Продажа
540;2024-11-11;М26;18;361;Продажа
543;2024-12-19;М44;61;212;Продажа
559;2024-10-11;М34;139;260;Поступление
565;2024-11-28;М25;154;140;Продажа
577;2024-11-07;М77;134;144;Продажа
585;2024-11-18;М42;25;380;Поступление
586;2024-11-03;М9;106;380;Поступление
589;2024-10-21;М42;104;250;Продажа
590;2024-11-14;М7;39;247;Продажа
595;2024-12-20;М14;119;100;Поступление
611;2024-10-03;М26;58;141;Продажа
619;2024-11-08;М89;5;160;Поступление
634;2024-12-09;М25;26;265;Продажа
640;2024-12-03;М68;150;400;Поступление
644;2024-11-20;М79;148;295;Продажа
660;2024-10-10;М42;47;120;Поступление
696;2024-12-05;М54;31;180;Поступление
698;2024-10-30;М9;23;49;Продажа
720;2024-10-24;М44;34;160;Поступление
721;2024-12-12;М54;45;153;Продажа
728;2024-10-28;М34;87;381;Продажа
730;2024-11-18;М84;155;120;Поступление
737;2024-10-19;М75;101;180;Поступление
739;2024-11-01;М35;6;278;Продажа
761;2024-11-23;М9;148;337;Продажа
774;2024-11-05;М35;130;380;Поступление
777;2024-10-03;М35;77;275;Продажа
787;2024-10-28;М44;10;129;Продажа
811;2024-10-29;М81;31;320;Поступление
826;2024-12-07;М60;34;240;Поступление
845;2024-12-10;М48;134;260;Поступление
873;2024-10-01;М35;19;113;Продажа
895;2024-10-13;М46;53;140;Поступление
896;2024-11-22;М46;6;340;Поступление
901;2024-11-21;М60;71;281;Продажа
906;2024-11-10;М89;151;380;Поступление
925;2024-11-19;М14;78;140;Поступление
942;2024-12-06;М25;58;200;Поступление
946;2024-10-02;М14;32;81;Продажа
953;2024-12-16;М99;31;235;Продажа
958;2024-10-31;М44;106;320;Поступление
959;2024-10-16;М34;3;298;Продажа
972;2024-10-31;М81;73;89;Продажа
974;2024-11-30;М42;102;283;Продажа
975;2024-10-25;М35;150;229;Продажа
979;2024-12-10;М66;76;200;Поступление
986;2024-10-31;М26;114;363;Продажа
991;2024-10-27;М46;9;15;Продажа
998;2024-10-11;М2;27;238;Продажа
1008;2024-11-05;М81;69;379;Продажа
1017;2024-12-09;М73;117;286;Продажа
1022;2024-12-01;М46;110;328;Продажа
1037;2024-10-06;М73;90;146;Продажа
1042;2024-10-16;М9;98;180;Поступление
1053;2024-11-08;М26;158;97;Продажа
1070;2024-11-02;М59;52;120;Поступление
1089;2024-10-05;М59;6;288;Продажа
1093;2024-11-29;М81;57;49;Продажа
1095;2024-12-06;М75;156;340;Поступление
1097;2024-11-30;М66;100;260;Поступление
1100;2024-11-23;М44;30;385;Продажа
1122;2024-11-29;М73;28;383;Продажа
1127;2024-10-29;М35;153;392;Продажа
1140;2024-11-08;М54;140;233;Продажа
1142;2024-12-01;М81;94;76;Продажа
1144;2024-11-06;М7;74;176;Продажа
1157;2024-10-01;М48;1;280;Поступление
1165;2024-11-22;М35;8;365;Продажа
1207;2024-11-20;М79;150;190;Продажа
1211;2024-12-17;М54;143;205;Продажа
1226;2024-12-14;М21;64;202;Продажа
1238;2024-12-02;М46;41;243;Продажа
1243;2024-10-08;М21;60;140;Поступление
1244;2024-12-14;М77;30;343;Продажа
1248;2024-10-10;М49;32;353;Продажа
1262;2024-11-14;М25;31;271;Продажа
1263;2024-12-10;М89;30;245;Продажа
1267;2024-10-27;М9;27;70;Продажа
1275;2024-12-01;М75;58;394;Продажа
1276;2024-12-10;М52;39;288;Продажа
1282;2024-11-06;М60;92;260;Поступление
1286;2024-12-13;М25;109;297;Продажа
1307;2024-11-03;М52;155;182;Продажа
1336;2024-10-01;М54;99;280;Поступление
1343;2024-12-01;М44;59;220;Поступление
1350;2024-12-09;М54;90;162;Продажа
1352;2024-11-07;М48;105;360;Продажа
1355;2024-10-07;М14;76;29;Продажа
1369;2024-10-29;М60;26;81;Продажа
1377;2024-12-11;М77;87;140;Поступление
1381;2024-10-07;М9;112;380;Поступление
1385;2024-12-03;М26;47;161;Продажа
1387;2024-12-20;М52;115;240;Поступление
1405;2024-10-17;М89;153;58;Продажа
1426;2024-10-26;М59;65;307;Продажа
1441;2024-10-27;М7;2;100;Поступление
1451;2024-10-24;М35;75;320;Поступление
1456;2024-11-14;М52;53;93;Продажа
1457;2024-11-09;М34;71;364;Продажа
1462;2024-10-28;М77;134;210;Продажа
1466;2024-10-08;М21;7;400;Поступление
1468;2024-11-16;М73;40;41;Продажа
1474;2024-12-08;М7;33;260;Поступление
1478;2024-11-27;М75;149;360;Поступление
1490;2024-11-18;М42;110;167;Продажа
1500;2024-11-23;М77;121;396;Продажа
1539;2024-11-04;М35;26;214;Продажа
1540;2024-11-17;М35;26;351;Продажа
1541;2024-12-18;М81;103;145;Продажа
1553;2024-11-07;М44;125;260;Поступление
1555;2024-11-23;М7;98;316;Продажа
1561;2024-10-21;М46;72;96;Продажа
1562;2024-12-19;М99;75;320;Поступление
1565;2024-10-29;М2;133;20;Продажа
1567;2024-11-16;М60;108;257;Продажа
1571;2024-12-09;М73;91;320;Поступление
1575;2024-11-25;М7;108;247;Продажа
1576;2024-11-11;М48;150;26;Продажа
1578;2024-10-10;М21;31;119;Продажа
1581;2024-10-28;М15;143;22;Продажа
1585;2024-11-24;М68;88;316;Продажа
1591;2024-12-14;М15;121;278;Продажа
1597;2024-12-06;М9;127;180;Поступление
1608;2024-11-28;М35;159;374;Продажа
1618;2024-12-04;М73;132;300;Поступление
1626;2024-10-05;М77;76;200;Поступление
1629;2024-11-17;М7;23;181;Продажа
1639;2024-10-25;М99;86;338;Продажа
1655;2024-11-16;М7;139;330;Продажа
1657;2024-10-17;М81;25;165;Продажа
1666;2024-11-25;М2;57;340;Поступление
1676;2024-11-16;М7;136;260;Поступление
1691;2024-11-16;М48;87;313;Продажа
1698;2024-11-21;М44;88;260;Поступление
1705;2024-10-13;М75;83;160;Поступление
1708;2024-10-26;М35;96;23;Продажа
1735;2024-12-11;М75;46;398;Продажа
1744;2024-10-16;М59;111;232;Продажа
1747;2024-11-19;М68;100;87;Продажа
1750;2024-10-28;М60;121;400;Поступление
1752;2024-12-18;М9;52;136;Продажа
1770;2024-11-04;М26;76;40;Продажа
1776;2024-11-02;М77;117;65;Продажа
1797;2024-11-24;М46;98;141;Продажа
1800;2024-11-15;М26;18;188;Продажа
1825;2024-10-25;М42;149;350;Продажа
1839;2024-10-04;М81;11;160;Поступление
1842;2024-10-15;М99;26;294;Продажа
1853;2024-10-25;М49;27;300;Поступление
1857;2024-11-24;М46;54;49;Продажа
1863;2024-11-20;М52;108;180;Поступление
1867;2024-12-19;М44;95;140;Поступление
1879;2024-11-08;М2;142;320;Поступление
1887;2024-10-01;М79;40;194;Продажа
1892;2024-11-25;М89;78;260;Поступление
1894;2024-11-09;М79;124;84;Продажа
1913;2024-10-06;М54;27;378;Продажа
1915;2024-10-31;М15;52;396;Продажа
1924;2024-11-21;М59;131;69;Продажа
1940;2024-12-04;М14;20;140;Продажа
1942;2024-10-10;М2;116;94;Продажа
1947;2024-10-22;М25;101;240;Поступление
1951;2024-12-02;М54;120;140;Поступление
1954;2024-12-09;М9;55;80;Поступление
1976;2024-12-06;М75;27;154;Продажа
1986;2024-11-16;М59;36;53;Продажа
2015;2024-10-12;М14;64;160;Поступление
2024;2024-11-10;М60;75;335;Продажа
2041;2024-10-20;М68;102;300;Поступление
2054;2024-12-10;М35;48;0;Продажа
2059;2024-12-13;М48;125;129;Продажа
2077;2024-11-12;М46;151;53;Продажа
2080;2024-11-11;М49;37;334;Продажа
2087;2024-10-04;М21;88;199;Продажа
2089;2024-12-20;М79;73;400;Поступление
2091;2024-11-27;М99;85;20;Продажа
2095;2024-10-06;М48;92;220;Поступление
2103;2024-11-27;М68;118;60;Продажа
2113;2024-11-15;М15;55;80;Поступление
2134;2024-11-28;М2;104;328;Продажа
2137;2024-10-02;М66;68;266;Продажа
2147;2024-10-22;М68;49;281;Продажа
2166;2024-10-17;М26;139;154;Продажа
2175;2024-10-26;М60;12;240;Поступление
2185;2024-12-09;М9;57;180;Поступление
2187;2024-12-18;М77;157;280;Поступление
2205;2024-11-27;М68;150;236;Продажа
2207;2024-12-11;М44;52;80;Поступление
2210;2024-12-04;М26;104;47;Продажа
2214;2024-11-20;М81;153;182;Продажа
2234;2024-12-09;М7;73;14;Продажа
2252;2024-12-16;М54;78;103;Продажа
2258;2024-11-06;М60;158;47;Продажа
2263;2024-12-17;М89;4;140;Поступление
2274;2024-12-17;М15;12;131;Продажа
2280;2024-11-14;М25;77;294;Продажа
2289;2024-12-01;М89;66;297;Продажа
2315;2024-12-20;М60;65;382;Продажа
2334;2024-11-10;М34;19;180;Поступление
2340;2024-12-03;М89;76;50;Продажа
2346;2024-11-18;М34;113;280;Поступление
2352;2024-10-03;М81;46;161;Продажа
2365;2024-12-20;М49;90;217;Продажа
2367;2024-12-07;М46;136;108;Продажа
2400;2024-12-20;М26;42;399;Продажа
2417;2024-12-05;М15;133;135;Продажа
2426;2024-11-08;М21;146;335;Продажа
2437;2024-11-08;М35;136;400;Поступление
2439;2024-11-16;М68;147;56;Продажа
2445;2024-10-04;М42;146;89;Продажа
2458;2024-10-20;М26;42;34;Продажа
2459;2024-11-29;М35;112;100;Поступление
2469;2024-10-07;М46;78;80;Поступление
2520;2024-10-31;М44;45;338;Продажа
2521;2024-11-06;М42;30;149;Продажа
2534;2024-11-19;М7;87;187;Продажа
2551;2024-10-07;М59;88;125;Продажа
2559;2024-11-15;М42;139;354;Продажа
2578;2024-11-20;М25;5;300;Продажа
2592;2024-11-02;М49;2;100;Поступление
2607;2024-11-27;М84;65;157;Продажа
2619;2024-12-17;М46;81;253;Продажа
2622;2024-12-01;М25;148;160;Поступление
2630;2024-12-18;М42;10;240;Поступление
2649;2024-12-06;М25;109;377;Продажа
2653;2024-10-23;М54;73;44;Продажа
2654;2024-10-30;М89;99;140;Поступление
2660;2024-12-11;М84;78;142;Продажа
2665;2024-10-07;М34;103;377;Продажа
2667;2024-10-16;М44;57;340;Поступление
2672;2024-12-09;М99;67;260;Поступление
2676;2024-11-08;М75;102;54;Продажа
2679;2024-12-01;М79;3;78;Продажа
2681;2024-10-07;М99;44;312;Продажа
2691;2024-12-03;М9;89;367;Продажа
2695;2024-11-01;М79;81;300;Поступление
2698;2024-10-04;М84;87;128;Продажа
2700;2024-11-17;М35;1;84;Продажа
2703;2024-11-07;М77;13;65;Продажа
2719;2024-11-17;М25;36;80;Поступление
2724;2024-11-12;М7;73;63;Продажа
2734;2024-12-07;М25;63;284;Продажа
2736;2024-10-22;М79;9;400;Поступление
2746;2024-12-05;М35;136;120;Поступление
2747;2024-11-03;М89;67;140;Поступление
2751;2024-11-09;М75;21;324;Продажа
2766;2024-10-03;М46;113;220;Поступление
2768;2024-11-14;М59;145;114;Продажа
2787;2024-10-14;М35;154;83;Продажа
2796;2024-12-12;М9;72;218;Продажа
2797;2024-10-09;М54;26;208;Продажа
2804;2024-11-23;М77;136;80;Поступление
2807;2024-10-26;М34;92;257;Продажа
2809;2024-10-31;М52;131;214;Продажа
2815;2024-10-08;М66;30;323;Продажа
2822;2024-11-09;М42;128;360;Продажа
2826;2024-12-16;М34;75;78;Продажа
2844;2024-12-09;М60;56;118;Продажа
2850;2024-12-19;М35;57;285;Продажа
2858;2024-11-02;М84;48;174;Продажа
2909;2024-10-08;М48;97;360;Поступление
2942;2024-12-20;М44;23;152;Продажа
2951;2024-10-12;М46;111;56;Продажа
2957;2024-11-18;М84;26;130;Продажа
2961;2024-11-29;М73;119;221;Продажа
2963;2024-10-07;М75;140;264;Продажа
2967;2024-10-16;М77;44;240;Поступление
2973;2024-11-02;М81;148;311;Продажа
2979;2024-10-04;М15;140;398;Продажа
2981;2024-11-23;М68;98;68;Продажа
2992;2024-10-05;М79;10;181;Продажа
3011;2024-11-20;М7;25;230;Продажа
3033;2024-10-01;М59;115;380;Поступление
3037;2024-12-01;М60;53;255;Продажа
3041;2024-12-08;М49;77;74;Продажа
3043;2024-11-27;М34;96;26;Продажа
3045;2024-12-04;М49;90;173;Продажа
3058;2024-12-20;М79;22;160;Поступление
3079;2024-10-10;М52;111;300;Поступление
3081;2024-12-10;М14;128;96;Продажа
3094;2024-11-25;М81;141;79;Продажа
3107;2024-11-25;М81;132;202;Продажа
3125;2024-10-13;М34;110;300;Поступление
3157;2024-11-27;М35;123;100;Поступление
3165;2024-12-15;М99;4;389;Продажа
3199;2024-11-21;М44;75;214;Продажа
3211;2024-10-01;М26;70;195;Продажа
3213;2024-11-03;М73;135;180;Поступление
3228;2024-11-16;М68;24;180;Поступление
3229;2024-10-21;М14;5;249;Продажа
3232;2024-11-29;М25;109;300;Поступление
3234;2024-10-20;М75;93;10;Продажа
3235;2024-11-02;М44;16;320;Поступление
3247;2024-11-08;М35;3;279;Продажа
3250;2024-10-19;М68;39;70;Продажа
3255;2024-11-22;М84;127;100;Поступление
3287;2024-12-13;М54;16;18;Продажа
3297;2024-12-13;М26;58;300;Поступление
3307;2024-10-14;М73;11;364;Продажа
3309;2024-10-22;М49;34;54;Продажа
3315;2024-11-30;М54;27;340;Поступление
3331;2024-11-23;М60;89;289;Продажа
3333;2024-12-05;М81;38;191;Продажа
3357;2024-10-02;М49;47;269;Продажа
3360;2024-10-05;М60;37;246;Продажа
3381;2024-11-19;М21;151;340;Продажа
3386;2024-11-26;М79;145;60;Продажа
3401;2024-12-17;М73;143;80;Поступление
3409;2024-10-16;М2;3;220;Поступление
3424;2024-11-16;М9;95;300;Поступление
3429;2024-10-02;М84;121;229;Продажа
3434;2024-11-17;М89;40;220;Поступление
3442;2024-11-06;М14;22;239;Продажа
3444;2024-11-26;М26;21;347;Продажа
3446;2024-12-16;М73;97;220;Поступление
3450;2024-10-24;М81;103;340;Поступление
3456;2024-12-05;М60;85;12;Продажа
3468;2024-12-11;М42;132;149;Продажа
3486;2024-11-15;М68;17;46;Продажа
3500;2024-12-20;М48;148;100;Поступление
3505;2024-10-14;М35;3;380;Поступление
3509;2024-10-22;М44;10;220;Поступление
3514;2024-11-13;М49;105;131;Продажа
3516;2024-12-10;М2;28;187;Продажа
3517;2024-10-20;М9;110;360;Поступление
3520;2024-11-06;М46;145;197;Продажа
3525;2024-11-07;М2;72;295;Продажа
3544;2024-11-13;М35;126;400;Поступление
3569;2024-11-27;М35;148;171;Продажа
3576;2024-11-11;М34;102;362;Продажа
3585;2024-11-02;М14;81;83;Продажа
3586;2024-10-03;М68;103;376;Продажа
3620;2024-11-20;М84;110;143;Продажа
3628;2024-10-24;М54;132;383;Продажа
3636;2024-10-09;М73;150;345;Продажа
3666;2024-11-20;М79;4;233;Продажа
3667;2024-11-21;М75;141;320;Поступление
3673;2024-10-21;М89;47;184;Продажа
3674;2024-10-11;М42;86;92;Продажа
3703;2024-10-24;М84;106;220;Поступление
3707;2024-12-03;М68;30;26;Продажа
3717;2024-11-29;М84;123;240;Поступление
3733;2024-10-31;М42;156;220;Поступление
3755;2024-11-22;М21;91;177;Продажа
3766;2024-10-16;М73;152;377;Продажа
3787;2024-11-18;М49;30;100;Продажа
3798;2024-12-08;М46;62;124;Продажа
3828;2024-10-07;М79;96;309;Продажа
3835;2024-12-16;М68;132;393;Продажа
3845;2024-10-03;М77;58;32;Продажа
3870;2024-10-24;М46;111;380;Поступление
3873;2024-10-21;М75;158;63;Продажа
3891;2024-11-01;М99;71;164;Продажа
3902;2024-11-26;М46;110;37;Продажа
3914;2024-10-15;М34;25;204;Продажа
3920;2024-12-16;М77;136;395;Продажа
3921;2024-10-18;М46;138;28;Продажа
3935;2024-10-19;М35;44;239;Продажа
3947;2024-11-09;М44;150;358;Продажа
3955;2024-11-16;М59;25;214;Продажа
3967;2024-11-05;М52;60;380;Поступление
3990;2024-10-22;М9;156;155;Продажа
3991;2024-11-15;М46;46;335;Продажа
3993;2024-11-05;М75;81;233;Продажа
3998;2024-11-13;М25;60;77;Продажа
4010;2024-11-05;М46;46;340;Поступление
4012;2024-11-13;М99;84;180;Поступление
4015;2024-10-23;М81;15;319;Продажа
4045;2024-12-04;М99;29;100;Поступление
4047;2024-10-06;М44;151;377;Продажа
4062;2024-11-29;М89;99;216;Продажа
4066;2024-10-25;М79;73;326;Продажа
4070;2024-10-19;М26;118;102;Продажа
4072;2024-10-06;М77;41;112;Продажа
4087;2024-10-27;М89;138;41;Продажа
4089;2024-10-11;М14;64;337;Продажа
4092;2024-10-10;М66;46;19;Продажа
4097;2024-10-07;М79;157;220;Поступление
4111;2024-10-02;М81;76;80;Поступление
4121;2024-10-12;М44;138;340;Поступление
4129;2024-10-12;М73;84;75;Продажа
4133;2024-10-07;М26;83;300;Поступление
4150;2024-10-10;М9;109;270;Продажа
4151;2024-10-05;М66;103;175;Продажа
4152;2024-11-09;М60;120;100;Поступление
4160;2024-12-18;М81;42;49;Продажа
4171;2024-12-18;М81;75;128;Продажа
4198;2024-12-07;М21;74;400;Поступление
4204;2024-10-17;М15;69;197;Продажа
4230;2024-10-13;М9;113;107;Продажа
4240;2024-12-13;М34;18;49;Продажа
4244;2024-10-11;М7;60;97;Продажа
4247;2024-12-16;М89;93;113;Продажа
4249;2024-10-25;М46;8;220;Поступление
4251;2024-11-27;М14;134;383;Продажа
4255;2024-10-10;М46;128;205;Продажа
4257;2024-12-10;М49;73;244;Продажа
4262;2024-11-01;М73;85;213;Продажа
4270;2024-10-19;М7;75;25;Продажа
4281;2024-10-21;М7;73;196;Продажа
4285;2024-12-03;М21;27;152;Продажа
4310;2024-10-12;М49;81;187;Продажа
4327;2024-10-16;М66;41;302;Продажа
4342;2024-11-24;М75;147;380;Поступление
4370;2024-11-15;М2;95;9;Продажа
4373;2024-12-05;М42;79;360;Поступление
4387;2024-11-02;М73;99;280;Поступление
4393;2024-11-15;М14;42;171;Продажа
4411;2024-10-31;М49;142;274;Продажа
4413;2024-12-08;М60;50;138;Продажа
4414;2024-10-17;М46;81;284;Продажа
4431;2024-12-02;М73;5;327;Продажа
4434;2024-12-16;М42;2;260;Поступление
4439;2024-12-08;М54;58;34;Продажа
4456;2024-10-22;М73;105;281;Продажа
4457;2024-10-06;М42;114;316;Продажа
4465;2024-12-07;М73;158;62;Продажа
4472;2024-12-13;М49;74;107;Продажа
4481;2024-10-30;М9;64;74;Продажа
4483;2024-12-14;М26;29;360;Поступление
4484;2024-12-20;М14;135;302;Продажа
4503;2024-10-27;М42;28;288;Продажа
4506;2024-11-13;М79;77;81;Продажа
4516;2024-11-27;М99;114;280;Поступление
4523;2024-10-13;М46;84;125;Продажа
4531;2024-11-10;М84;142;314;Продажа
4532;2024-10-22;М60;67;232;Продажа
4555;2024-10-09;М48;74;240;Поступление
4573;2024-10-17;М35;87;235;Продажа
4574;2024-11-25;М84;25;234;Продажа
4587;2024-11-03;М34;130;372;Продажа
4589;2024-11-01;М79;147;265;Продажа
4592;2024-11-26;М75;17;340;Продажа
4619;2024-10-26;М26;104;140;Продажа
4621;2024-11-02;М54;17;113;Продажа
4650;2024-11-05;М7;111;158;Продажа
4655;2024-11-04;М7;9;271;Продажа
4660;2024-11-07;М66;85;141;Продажа
4662;2024-10-09;М35;125;2;Продажа
4678;2024-12-14;М15;56;247;Продажа
4689;2024-11-13;М2;137;120;Поступление
4690;2024-10-03;М49;142;263;Продажа
4693;2024-10-18;М2;43;247;Продажа
4697;2024-10-13;М35;93;297;Продажа
4699;2024-12-10;М48;122;117;Продажа
4705;2024-11-03;М66;80;286;Продажа
4706;2024-10-10;М9;17;292;Продажа
4730;2024-11-27;М48;146;127;Продажа
4735;2024-10-06;М25;107;270;Продажа
4743;2024-11-22;М2;57;83;Продажа
4746;2024-10-05;М66;117;119;Продажа
4757;2024-11-11;М35;73;400;Поступление
4765;2024-12-14;М34;49;400;Продажа
4770;2024-10-05;М77;55;200;Поступление
4773;2024-12-06;М60;105;94;Продажа
4784;2024-10-07;М59;118;44;Продажа
4803;2024-10-15;М9;22;400;Поступление
4815;2024-10-27;М79;59;87;Продажа
4826;2024-10-13;М75;15;263;Продажа
4831;2024-11-27;М89;83;123;Продажа
4833;2024-12-18;М26;74;100;Поступление
4836;2024-12-18;М25;90;266;Продажа
4857;2024-12-08;М2;138;21;Продажа
4859;2024-12-10;М75;52;400;Поступление
4867;2024-12-12;М42;77;74;Продажа
4880;2024-10-20;М79;1;160;Поступление
4881;2024-12-12;М73;105;11;Продажа
4908;2024-10-09;М48;115;235;Продажа
4932;2024-10-12;М89;31;175;Продажа
4935;2024-11-10;М81;13;120;Поступление
4943;2024-12-10;М35;1;15;Продажа
4971;2024-10-30;М77;78;240;Поступление
4975;2024-11-26;М9;114;314;Продажа
4983;2024-12-01;М26;104;329;Продажа
4990;2024-10-05;М42;63;160;Поступление
4993;2024-10-21;М34;82;368;Продажа
5001;2024-11-21;М66;82;340;Поступление
5003;2024-11-14;М25;92;382;Продажа
5022;2024-10-08;М9;33;260;Поступление
5025;2024-10-16;М14;99;80;Продажа
5041;2024-10-04;М68;128;258;Продажа
5057;2024-10-26;М81;120;226;Продажа
5058;2024-10-20;М34;66;144;Продажа
5063;2024-12-04;М49;45;301;Продажа
5069;2024-12-04;М73;64;178;Продажа
5076;2024-10-22;М79;35;240;Поступление
5096;2024-12-02;М15;132;263;Продажа
5106;2024-12-10;М46;87;100;Поступление
5127;2024-10-04;М21;128;141;Продажа
5129;2024-10-10;М35;42;223;Продажа
5136;2024-11-30;М60;18;286;Продажа
5139;2024-12-17;М42;128;400;Поступление
5144;2024-10-23;М73;53;185;Продажа
5164;2024-10-19;М2;120;80;Поступление
5173;2024-11-19;М79;153;160;Поступление
5174;2024-11-10;М60;62;6;Продажа
5185;2024-10-31;М34;1;228;Продажа
5208;2024-11-23;М7;142;241;Продажа
5210;2024-10-14;М60;139;291;Продажа
5213;2024-10-11;М66;70;231;Продажа
5216;2024-11-29;М66;123;120;Поступление
5220;2024-11-23;М77;95;240;Поступление
5223;2024-10-02;М46;95;380;Поступление
5227;2024-11-22;М81;150;383;Продажа
5238;2024-12-05;М89;109;380;Поступление
5241;2024-10-12;М68;125;256;Продажа
5254;2024-11-16;М25;60;78;Продажа
5259;2024-11-21;М48;133;285;Продажа
5283;2024-11-26;М42;11;140;Поступление
5297;2024-10-04;М44;84;336;Продажа
5302;2024-12-14;М42;121;200;Поступление
5314;2024-11-27;М44;150;332;Продажа
5319;2024-10-27;М14;61;273;Продажа
5323;2024-10-07;М49;91;186;Продажа
5325;2024-12-10;М34;130;140;Поступление
5326;2024-10-14;М84;52;346;Продажа
5331;2024-10-22;М42;50;264;Продажа
5342;2024-11-14;М68;127;320;Поступление
5349;2024-12-11;М46;94;233;Продажа
5367;2024-11-17;М34;153;100;Поступление
5368;2024-12-09;М42;138;307;Продажа
5372;2024-12-08;М44;45;30;Продажа
5379;2024-10-28;М48;140;240;Поступление
5380;2024-12-19;М26;102;294;Продажа
5383;2024-11-12;М49;92;140;Поступление
5387;2024-12-17;М79;97;51;Продажа
5396;2024-12-16;М66;10;178;Продажа
5407;2024-12-19;М77;125;51;Продажа
5413;2024-10-12;М89;142;58;Продажа
5432;2024-11-16;М68;34;100;Поступление
5448;2024-10-09;М99;5;160;Поступление
5454;2024-11-18;М34;12;235;Продажа
5484;2024-12-09;М21;80;40;Продажа
5485;2024-11-15;М60;8;183;Продажа
5494;2024-11-02;М59;49;75;Продажа
5509;2024-10-18;М99;64;200;Поступление
5510;2024-12-10;М2;51;250;Продажа
5511;2024-10-26;М68;106;90;Продажа
5539;2024-12-15;М54;104;140;Поступление
5548;2024-10-31;М42;1;255;Продажа
5551;2024-10-26;М46;75;140;Поступление
5552;2024-11-12;М81;101;320;Поступление
5555;2024-11-05;М77;95;128;Продажа
5558;2024-12-06;М49;1;332;Продажа
5562;2024-10-01;М14;18;300;Поступление
5578;2024-11-13;М59;62;187;Продажа
5595;2024-10-21;М79;80;223;Продажа
5599;2024-10-10;М89;82;215;Продажа
5621;2024-12-20;М89;155;82;Продажа
5628;2024-10-16;М26;113;100;Продажа
5630;2024-10-19;М79;61;198;Продажа
5643;2024-11-24;М52;158;90;Продажа
5644;2024-11-07;М77;20;300;Поступление
5646;2024-11-12;М68;144;260;Поступление
5648;2024-11-26;М84;159;96;Продажа
5652;2024-10-14;М89;117;38;Продажа
5668;2024-11-04;М54;79;400;Продажа
5673;2024-11-10;М52;42;100;Поступление
5676;2024-10-10;М77;89;27;Продажа
5680;2024-11-13;М59;3;120;Поступление
5702;2024-10-01;М2;82;360;Поступление
5711;2024-10-12;М44;35;360;Поступление
5726;2024-10-25;М25;51;166;Продажа
5738;2024-11-24;М52;124;200;Поступление
5758;2024-10-05;М81;88;160;Поступление
5760;2024-10-03;М42;112;261;Продажа
5767;2024-12-11;М99;53;100;Поступление
5768;2024-10-24;М44;24;356;Продажа
5769;2024-10-25;М2;57;180;Поступление
5773;2024-12-12;М26;96;340;Поступление
5774;2024-12-20;М59;83;87;Продажа
5775;2024-10-05;М52;47;307;Продажа
5777;2024-10-25;М60;21;160;Поступление
5788;2024-12-16;М21;56;161;Продажа
5789;2024-12-13;М7;142;400;Поступление
5790;2024-12-14;М46;92;280;Поступление
5802;2024-12-06;М14;153;100;Поступление
5805;2024-12-20;М89;106;280;Поступление
5815;2024-12-20;М89;127;257;Продажа
5823;2024-10-19;М26;122;220;Продажа
5830;2024-10-09;М84;102;363;Продажа
5831;2024-11-06;М77;25;160;Поступление
5840;2024-11-09;М99;86;94;Продажа
5853;2024-10-06;М48;142;391;Продажа
5856;2024-10-19;М66;28;23;Продажа
5857;2024-12-15;М34;128;320;Поступление
5869;2024-10-27;М84;7;297;Продажа
5883;2024-11-20;М60;60;120;Поступление
5884;2024-10-06;М84;119;167;Продажа
5889;2024-12-06;М35;23;306;Продажа
5895;2024-12-17;М34;37;400;Продажа
5904;2024-10-07;М35;7;180;Поступление
5906;2024-10-22;М9;61;259;Продажа
5919;2024-11-04;М77;32;388;Продажа
5924;2024-10-22;М14;3;240;Поступление
5928;2024-10-31;М46;33;360;Продажа
5941;2024-11-09;М35;106;91;Продажа
5943;2024-11-26;М2;83;30;Продажа
5964;2024-11-11;М99;5;100;Поступление
5973;2024-10-07;М25;37;185;Продажа
5976;2024-12-16;М34;159;22;Продажа
5977;2024-11-23;М89;28;33;Продажа
5983;2024-10-11;М2;152;325;Продажа
5996;2024-10-16;М52;10;212;Продажа
6007;2024-10-25;М60;58;90;Продажа
6013;2024-10-10;М34;137;140;Поступление
6020;2024-11-05;М52;107;137;Продажа
6044;2024-10-07;М42;147;139;Продажа
6072;2024-10-16;М26;27;380;Поступление
6073;2024-10-18;М35;56;80;Поступление
6077;2024-12-18;М9;70;127;Продажа
6078;2024-11-06;М81;19;4;Продажа
6079;2024-11-28;М44;111;400;Поступление
6080;2024-11-30;М59;93;280;Поступление
6088;2024-11-20;М81;73;184;Продажа
6096;2024-10-13;М7;62;377;Продажа
6118;2024-11-28;М2;34;155;Продажа
6141;2024-11-03;М75;150;66;Продажа
6146;2024-10-02;М42;59;100;Поступление
6148;2024-11-10;М48;114;320;Поступление
6157;2024-11-11;М26;5;300;Поступление
6163;2024-10-17;М84;145;261;Продажа
6174;2024-11-14;М89;118;75;Продажа
6197;2024-11-19;М42;63;20;Продажа
6233;2024-11-06;М75;117;120;Поступление
6239;2024-10-02;М35;145;97;Продажа
6241;2024-10-13;М2;132;183;Продажа
6255;2024-12-04;М60;153;265;Продажа
6275;2024-10-03;М75;95;296;Продажа
6283;2024-11-30;М48;66;335;Продажа
6290;2024-12-04;М25;120;82;Продажа
6309;2024-10-21;М46;158;99;Продажа
6321;2024-11-26;М2;38;109;Продажа
6342;2024-11-11;М21;56;268;Продажа
6363;2024-10-04;М60;12;77;Продажа
6366;2024-10-24;М84;37;370;Продажа
6380;2024-10-21;М99;8;380;Продажа
6387;2024-11-08;М60;9;220;Поступление
6393;2024-12-08;М2;71;200;Поступление
6399;2024-10-30;М2;43;280;Поступление
6404;2024-11-24;М48;18;100;Поступление
6405;2024-11-22;М2;58;220;Поступление
6412;2024-11-07;М21;33;240;Поступление
6429;2024-11-07;М44;61;340;Поступление
6434;2024-10-03;М59;105;100;Поступление
6435;2024-11-07;М9;48;260;Поступление
6450;2024-11-05;М84;35;148;Продажа
6467;2024-12-13;М79;134;312;Продажа
6471;2024-12-16;М81;73;337;Продажа
6472;2024-10-29;М89;36;273;Продажа
6475;2024-10-10;М99;27;301;Продажа
6484;2024-10-02;М60;99;113;Продажа
6486;2024-11-19;М49;145;320;Продажа
6487;2024-11-16;М99;102;238;Продажа
6493;2024-10-27;М84;92;120;Поступление
6501;2024-10-02;М59;36;400;Поступление
6509;2024-11-01;М73;144;158;Продажа
6510;2024-10-03;М2;21;392;Продажа
6513;2024-12-19;М46;137;398;Продажа
6524;2024-11-04;М42;146;343;Продажа
6529;2024-11-19;М9;25;230;Продажа
6531;2024-12-14;М68;16;80;Поступление
6540;2024-10-16;М2;105;352;Продажа
6553;2024-10-28;М84;153;273;Продажа
6575;2024-11-14;М34;67;180;Поступление
6577;2024-12-11;М21;21;381;Продажа
6583;2024-10-17;М77;15;340;Поступление
6588;2024-11-15;М7;16;300;Поступление
6615;2024-11-16;М81;3;118;Продажа
6631;2024-11-17;М25;18;240;Продажа
6645;2024-11-15;М14;97;317;Продажа
6679;2024-11-17;М44;17;336;Продажа
6680;2024-12-20;М84;45;163;Продажа
6683;2024-12-01;М46;92;30;Продажа
6697;2024-11-07;М46;96;342;Продажа
6713;2024-12-14;М89;137;17;Продажа
6734;2024-12-08;М42;135;87;Продажа
6748;2024-11-28;М44;120;180;Продажа
6763;2024-11-28;М15;92;300;Поступление
6775;2024-11-06;М75;141;120;Поступление
6781;2024-10-04;М35;57;369;Продажа
6806;2024-12-07;М89;66;286;Продажа
6819;2024-11-13;М77;50;338;Продажа
6852;2024-11-09;М44;77;400;Продажа
6858;2024-10-31;М77;12;321;Продажа
6894;2024-11-11;М26;43;85;Продажа
6923;2024-10-19;М46;5;260;Поступление
6935;2024-11-06;М46;134;80;Поступление
6942;2024-10-24;М89;123;144;Продажа
6945;2024-11-15;М52;135;28;Продажа
6948;2024-12-09;М66;49;18;Продажа
6953;2024-10-14;М34;111;79;Продажа
6961;2024-12-10;М84;68;180;Поступление
6965;2024-10-07;М84;7;200;Поступление
6977;2024-10-09;М44;51;92;Продажа
6981;2024-11-04;М89;37;16;Продажа
7000;2024-10-07;М52;157;123;Продажа
7012;2024-11-02;М44;47;300;Продажа
7016;2024-11-22;М15;90;104;Продажа
7019;2024-10-04;М46;94;399;Продажа
7021;2024-10-21;М49;50;160;Поступление
7029;2024-12-05;М35;77;380;Поступление
7035;2024-12-15;М84;23;140;Поступление
7042;2024-10-06;М81;103;298;Продажа
7063;2024-10-09;М14;107;63;Продажа
7067;2024-10-20;М46;61;161;Продажа
7087;2024-10-24;М73;95;209;Продажа
7091;2024-12-03;М7;103;387;Продажа
7092;2024-10-02;М60;12;300;Поступление
7114;2024-11-24;М81;68;87;Продажа
7115;2024-10-14;М75;120;320;Поступление
7116;2024-11-23;М26;68;227;Продажа
7129;2024-10-08;М7;104;221;Продажа
7139;2024-10-17;М73;32;61;Продажа
7140;2024-11-28;М14;127;400;Поступление
7161;2024-10-19;М15;106;321;Продажа
7172;2024-10-02;М26;142;180;Поступление
7175;2024-10-02;М42;29;274;Продажа
7204;2024-11-02;М42;123;59;Продажа
7209;2024-10-20;М26;28;280;Поступление
7221;2024-11-26;М26;129;100;Поступление
7231;2024-10-05;М84;13;280;Поступление
7238;2024-10-26;М54;44;360;Поступление
7239;2024-10-09;М68;109;268;Продажа
7246;2024-12-04;М35;55;220;Продажа
7263;2024-11-20;М60;117;180;Продажа
7276;2024-11-01;М99;5;271;Продажа
7285;2024-10-23;М9;124;382;Продажа
7287;2024-10-29;М59;79;102;Продажа
7296;2024-12-03;М7;154;153;Продажа
7300;2024-10-06;М79;104;91;Продажа
7308;2024-10-06;М2;38;129;Продажа
7314;2024-11-22;М59;119;260;Поступление
7330;2024-11-06;М26;82;168;Продажа
7345;2024-11-23;М9;128;280;Поступление
7346;2024-11-27;М9;95;280;Поступление
7348;2024-10-24;М25;158;255;Продажа
7356;2024-12-20;М7;109;120;Поступление
7389;2024-11-22;М2;4;320;Поступление
7401;2024-12-13;М54;107;155;Продажа
7404;2024-12-19;М34;56;172;Продажа
7407;2024-11-07;М54;26;255;Продажа
7423;2024-10-21;М14;28;400;Поступление
7425;2024-11-05;М46;55;196;Продажа
7457;2024-12-18;М49;123;292;Продажа
7460;2024-11-01;М26;81;388;Продажа
7461;2024-11-06;М52;18;245;Продажа
7464;2024-11-30;М73;54;280;Поступление
7474;2024-11-06;М9;140;162;Продажа
7476;2024-12-12;М81;69;194;Продажа
7522;2024-10-19;М66;79;6;Продажа
7540;2024-10-25;М49;97;160;Поступление
7558;2024-10-22;М44;98;70;Продажа
7564;2024-11-09;М25;112;180;Поступление
7573;2024-11-10;М46;64;116;Продажа
7574;2024-12-05;М59;96;340;Поступление
7583;2024-11-12;М66;159;45;Продажа
7588;2024-11-09;М34;91;16;Продажа
7591;2024-10-02;М66;31;320;Поступление
7605;2024-10-16;М52;93;151;Продажа
7606;2024-12-06;М75;76;54;Продажа
7607;2024-10-29;М99;129;71;Продажа
7613;2024-10-09;М14;52;255;Продажа
7620;2024-11-06;М44;145;227;Продажа
7624;2024-10-29;М26;120;332;Продажа
7627;2024-12-19;М81;14;200;Поступление
7628;2024-11-21;М14;149;200;Поступление
7631;2024-10-14;М89;82;114;Продажа
7635;2024-11-23;М75;39;238;Продажа
7639;2024-10-28;М2;30;240;Поступление
7640;2024-11-07;М81;154;389;Продажа
7643;2024-10-12;М49;102;120;Поступление
7655;2024-10-06;М21;36;253;Продажа
7667;2024-10-30;М49;28;151;Продажа
7670;2024-10-15;М48;89;220;Поступление
7680;2024-12-09;М42;129;80;Поступление
7682;2024-12-10;М79;85;68;Продажа
7683;2024-11-11;М49;139;306;Продажа
7685;2024-12-08;М59;95;340;Поступление
7694;2024-10-08;М99;31;320;Поступление
7699;2024-10-14;М84;43;138;Продажа
7710;2024-12-19;М7;106;180;Поступление
7724;2024-11-29;М35;144;145;Продажа
7726;2024-10-17;М25;123;126;Продажа
7738;2024-10-05;М66;71;16;Продажа
7741;2024-12-16;М25;64;170;Продажа
7747;2024-11-10;М81;58;220;Поступление
7767;2024-10-13;М48;119;209;Продажа
7769;2024-11-25;М52;158;400;Поступление
7774;2024-10-07;М26;36;308;Продажа
7775;2024-11-09;М34;57;19;Продажа
7795;2024-10-25;М25;143;236;Продажа
7796;2024-12-01;М34;66;236;Продажа
7800;2024-10-24;М35;99;286;Продажа
7807;2024-10-30;М77;158;126;Продажа
7812;2024-12-03;М60;29;26;Продажа
7842;2024-11-23;М49;101;140;Поступление
7862;2024-10-18;М99;36;260;Поступление
7869;2024-12-15;М2;41;28;Продажа
7879;2024-12-16;М49;59;263;Продажа
7889;2024-11-13;М48;133;53;Продажа
7894;2024-10-16;М60;110;138;Продажа
7901;2024-11-21;М89;33;349;Продажа
7903;2024-10-04;М77;128;157;Продажа
7907;2024-12-15;М81;61;392;Продажа
7913;2024-10-26;М48;9;34;Продажа
7923;2024-12-17;М44;123;220;Поступление
7926;2024-11-08;М34;136;380;Поступление
7937;2024-12-14;М35;154;220;Поступление
7945;2024-10-31;М59;65;29;Продажа
7985;2024-11-08;М48;111;371;Продажа
7989;2024-12-09;М59;81;146;Продажа
8021;2024-10-27;М89;14;358;Продажа
8026;2024-11-29;М7;92;380;Поступление
8036;2024-11-08;М21;134;251;Продажа
8042;2024-10-02;М54;138;100;Поступление
8062;2024-12-16;М35;40;164;Продажа
8078;2024-11-25;М2;40;140;Поступление
8081;2024-11-20;М25;130;149;Продажа
8098;2024-10-25;М49;87;160;Поступление
8142;2024-10-03;М49;9;96;Продажа
8149;2024-11-27;М42;58;360;Поступление
8154;2024-12-09;М99;53;140;Поступление
8156;2024-12-02;М66;101;59;Продажа
8161;2024-11-03;М79;145;184;Продажа
8165;2024-10-10;М42;132;360;Поступление
8167;2024-12-11;М77;116;240;Поступление
8184;2024-11-22;М84;150;200;Поступление
8188;2024-10-27;М7;89;55;Продажа
8197;2024-11-20;М26;129;62;Продажа
8227;2024-11-29;М68;45;280;Поступление
8233;2024-11-19;М81;10;175;Продажа
8242;2024-10-17;М48;47;264;Продажа
8243;2024-11-29;М14;49;85;Продажа
8250;2024-11-03;М25;41;180;Поступление
8258;2024-11-19;М75;131;341;Продажа
8265;2024-11-30;М75;153;278;Продажа
8279;2024-10-29;М68;134;233;Продажа
8292;2024-11-12;М66;159;19;Продажа
8314;2024-12-20;М49;31;212;Продажа
8316;2024-11-16;М81;113;322;Продажа
8329;2024-10-31;М79;147;372;Продажа
8335;2024-10-10;М79;67;254;Продажа
8339;2024-12-03;М81;43;25;Продажа
8342;2024-11-09;М66;70;273;Продажа
8355;2024-10-25;М68;60;22;Продажа
8365;2024-12-11;М99;100;380;Поступление
8367;2024-11-28;М21;76;160;Поступление
8373;2024-10-04;М68;39;179;Продажа
8398;2024-12-14;М44;20;258;Продажа
8399;2024-10-04;М89;112;161;Продажа
8407;2024-11-07;М44;138;100;Поступление
8409;2024-12-01;М34;96;380;Поступление
8417;2024-11-03;М73;90;268;Продажа
8419;2024-10-31;М66;152;362;Продажа
8424;2024-11-21;М2;121;291;Продажа
8433;2024-11-19;М49;131;361;Продажа
8440;2024-10-28;М60;57;80;Поступление
8452;2024-12-02;М60;46;80;Продажа
8459;2024-10-19;М79;119;83;Продажа
8464;2024-10-23;М89;153;326;Продажа
8467;2024-11-27;М60;82;80;Поступление
8472;2024-12-04;М99;5;282;Продажа
8475;2024-12-07;М68;22;300;Поступление
8527;2024-11-12;М9;7;320;Поступление
8530;2024-11-29;М84;33;400;Поступление
8534;2024-10-09;М73;111;11;Продажа
8555;2024-12-02;М89;31;120;Поступление
8559;2024-12-05;М81;45;390;Продажа
8576;2024-10-14;М49;34;43;Продажа
8580;2024-11-16;М14;78;240;Поступление
8587;2024-12-11;М15;72;333;Продажа
8592;2024-10-19;М9;77;12;Продажа
8593;2024-12-04;М73;105;280;Поступление
8596;2024-12-17;М21;128;9;Продажа
8598;2024-10-14;М89;84;140;Поступление
8615;2024-10-05;М44;8;280;Поступление
8631;2024-10-19;М77;3;363;Продажа
8639;2024-10-20;М99;141;344;Продажа
8643;2024-10-16;М66;129;391;Продажа
8651;2024-10-30;М34;15;180;Поступление
8710;2024-12-14;М66;130;400;Поступление
8746;2024-10-12;М54;82;197;Продажа
8751;2024-11-21;М60;16;379;Продажа
8753;2024-11-30;М35;7;50;Продажа
8757;2024-12-13;М9;67;359;Продажа
8759;2024-11-23;М14;105;328;Продажа
8792;2024-10-12;М99;69;24;Продажа
8796;2024-10-17;М48;90;119;Продажа
8798;2024-10-13;М60;95;100;Поступление
8827;2024-11-04;М89;68;162;Продажа
8851;2024-12-07;М52;84;380;Поступление
8857;2024-10-03;М52;18;360;Поступление
8870;2024-10-20;М60;100;260;Поступление
8876;2024-12-09;М7;71;142;Продажа
8918;2024-12-17;М25;3;180;Поступление
8921;2024-11-01;М81;17;148;Продажа
8926;2024-10-17;М15;117;400;Поступление
8927;2024-10-18;М35;14;160;Поступление
8929;2024-11-12;М81;156;187;Продажа
8939;2024-10-15;М52;30;153;Продажа
8940;2024-10-04;М2;32;87;Продажа
8943;2024-10-05;М77;37;388;Продажа
8952;2024-10-30;М49;60;347;Продажа
8956;2024-12-18;М89;67;400;Продажа
8958;2024-11-01;М35;66;55;Продажа
8963;2024-10-22;М77;74;298;Продажа
8969;2024-12-12;М81;142;136;Продажа
8995;2024-10-10;М14;64;149;Продажа
9008;2024-11-23;М15;82;182;Продажа
9011;2024-12-09;М79;153;220;Поступление
9012;2024-10-29;М84;73;180;Поступление
9044;2024-11-21;М68;73;213;Продажа
9055;2024-12-15;М7;152;80;Поступление
9057;2024-11-17;М21;103;200;Поступление
9061;2024-12-14;М9;125;103;Продажа
9064;2024-11-21;М79;17;100;Поступление
9071;2024-11-24;М2;65;125;Продажа
9081;2024-12-20;М14;53;160;Поступление
9084;2024-10-18;М49;145;333;Продажа
9118;2024-10-06;М25;9;366;Продажа
9124;2024-11-28;М14;153;351;Продажа
9156;2024-10-26;М49;33;200;Поступление
9167;2024-10-08;М49;136;380;Поступление
9171;2024-11-29;М66;19;150;Продажа
9187;2024-11-22;М89;54;17;Продажа
9196;2024-10-14;М77;147;351;Продажа
9197;2024-10-05;М77;111;369;Продажа
9213;2024-10-16;М79;48;240;Поступление
9215;2024-10-28;М73;129;387;Продажа
9250;2024-10-12;М21;90;246;Продажа
9252;2024-12-04;М46;20;300;Поступление
9254;2024-11-27;М75;79;115;Продажа
9265;2024-10-04;М52;45;76;Продажа
9270;2024-12-09;М54;10;54;Продажа
9273;2024-11-19;М26;159;140;Поступление
9287;2024-12-19;М68;70;260;Поступление
9300;2024-10-01;М59;69;158;Продажа
9307;2024-11-16;М9;30;225;Продажа
9328;2024-12-20;М35;46;357;Продажа
9341;2024-10-29;М34;3;178;Продажа
9346;2024-10-31;М21;119;399;Продажа
9350;2024-10-18;М54;134;276;Продажа
9358;2024-12-14;М7;73;232;Продажа
9370;2024-11-02;М44;120;160;Поступление
9378;2024-10-18;М35;105;126;Продажа
9394;2024-12-10;М89;80;159;Продажа
9401;2024-12-17;М35;99;98;Продажа
9411;2024-10-28;М77;45;104;Продажа
9425;2024-11-29;М49;20;110;Продажа
9430;2024-11-06;М54;73;380;Поступление
9438;2024-11-27;М66;90;140;Поступление
9440;2024-10-16;М49;122;245;Продажа
9443;2024-12-07;М75;72;214;Продажа
9444;2024-12-01;М59;159;320;Поступление
9469;2024-10-18;М48;79;140;Поступление
9483;2024-10-05;М66;81;2;Продажа
9512;2024-12-07;М21;87;50;Продажа
9524;2024-10-11;М60;120;219;Продажа
9528;2024-12-07;М81;150;380;Поступление
9530;2024-10-06;М26;94;67;Продажа
9579;2024-10-01;М26;24;180;Поступление
9589;2024-10-21;М81;151;200;Поступление
9627;2024-11-05;М52;120;392;Продажа
9629;2024-11-09;М44;134;287;Продажа
9630;2024-10-24;М84;128;165;Продажа
9634;2024-10-09;М25;131;4;Продажа
9649;2024-10-19;М2;64;291;Продажа
9654;2024-10-14;М79;125;171;Продажа
9660;2024-11-01;М42;52;203;Продажа
9669;2024-11-23;М34;27;185;Продажа
9670;2024-10-21;М35;32;340;Поступление
9674;2024-11-25;М46;127;334;Продажа
9676;2024-12-09;М99;156;116;Продажа
9683;2024-11-16;М99;100;395;Продажа
9687;2024-11-15;М84;115;166;Продажа
9692;2024-11-01;М77;152;400;Поступление
9699;2024-12-03;М44;81;240;Поступление
9705;2024-10-19;М2;33;288;Продажа
9733;2024-10-08;М46;130;22;Продажа
9738;2024-10-11;М77;138;260;Поступление
9740;2024-12-14;М77;140;299;Продажа
9742;2024-10-11;М99;88;160;Поступление
9746;2024-12-07;М7;18;328;Продажа
9752;2024-11-30;М15;18;79;Продажа
9757;2024-10-14;М42;95;351;Продажа
9759;2024-11-27;М66;107;343;Продажа
9764;2024-11-22;М46;1;206;Продажа
9770;2024-11-02;М84;62;263;Продажа
9792;2024-10-18;М7;36;197;Продажа
9805;2024-10-31;М60;111;174;Продажа
9810;2024-10-19;М15;14;90;Продажа
9812;2024-12-12;М7;111;318;Продажа
9836;2024-10-21;М49;83;200;Продажа
9837;2024-11-17;М59;14;320;Поступление
9842;2024-12-19;М52;143;400;Поступление
9846;2024-11-15;М68;87;374;Продажа
9852;2024-11-19;М75;71;120;Продажа
9854;2024-10-13;М77;24;280;Поступление
9855;2024-11-06;М79;66;398;Продажа
9887;2024-12-03;М9;155;400;Поступление
9888;2024-11-28;М44;18;360;Поступление
9896;2024-10-28;М48;123;180;Поступление
9919;2024-10-11;М9;80;148;Продажа
9928;2024-11-15;М49;133;400;Поступление
9930;2024-12-19;М26;117;152;Продажа
9938;2024-12-07;М59;152;136;Продажа
9944;2024-10-03;М46;140;340;Поступление
9945;2024-11-24;М99;80;380;Поступление
9958;2024-10-12;М77;55;35;Продажа
9961;2024-10-15;М42;158;250;Продажа
9985;2024-12-05;М75;132;65;Продажа
9998;2024-12-19;М79;72;124;Продажа
10006;2024-12-05;М81;52;205;Продажа
10008;2024-12-15;М9;128;291;Продажа
10022;2024-11-26;М15;151;200;Поступление
10029;2024-11-30;М42;126;23;Продажа
10036;2024-11-14;М48;80;184;Продажа
10038;2024-11-26;М99;130;22;Продажа
10040;2024-10-04;М34;42;37;Продажа
10067;2024-12-04;М44;81;198;Продажа
10068;2024-12-17;М15;100;142;Продажа
10073;2024-10-06;М7;35;400;Поступление
10080;2024-11-25;М26;38;375;Продажа
10094;2024-11-13;М99;80;200;Поступление
10099;2024-11-16;М54;113;341;Продажа
10106;2024-10-05;М44;28;140;Поступление
10110;2024-11-17;М2;146;226;Продажа
10111;2024-10-13;М2;120;101;Продажа
10115;2024-11-24;М84;121;374;Продажа
10139;2024-12-13;М25;75;360;Поступление
10149;2024-11-12;М89;5;67;Продажа
10151;2024-12-07;М73;18;103;Продажа
10161;2024-11-18;М34;67;162;Продажа
10170;2024-10-14;М2;48;100;Поступление
10180;2024-12-19;М2;100;117;Продажа
10198;2024-11-05;М46;47;320;Поступление
10200;2024-11-13;М68;97;301;Продажа
10203;2024-11-25;М21;88;240;Поступление
10208;2024-10-26;М35;63;320;Поступление
10210;2024-10-07;М60;34;12;Продажа
10222;2024-10-29;М89;120;363;Продажа
10239;2024-11-27;М99;69;152;Продажа
10248;2024-10-24;М21;18;300;Поступление
10250;2024-10-13;М68;34;16;Продажа
10253;2024-10-28;М73;141;278;Продажа
10261;2024-11-03;М15;91;349;Продажа
10268;2024-10-31;М68;3;165;Продажа
10282;2024-10-02;М54;78;220;Поступление
10289;2024-12-04;М25;145;80;Продажа
10303;2024-10-19;М75;90;160;Поступление
10305;2024-10-17;М9;128;299;Продажа
10320;2024-11-30;М54;148;110;Продажа
10322;2024-10-02;М2;76;140;Продажа
10345;2024-10-08;М35;1;340;Поступление
10349;2024-10-27;М7;53;223;Продажа
10368;2024-12-02;М79;90;222;Продажа
10370;2024-10-21;М26;22;177;Продажа
10404;2024-10-25;М84;136;300;Поступление
10416;2024-10-27;М59;12;120;Поступление
10424;2024-11-12;М21;134;134;Продажа
10427;2024-11-14;М46;58;200;Поступление
10434;2024-12-17;М15;43;231;Продажа
10445;2024-12-12;М2;147;120;Поступление
10462;2024-12-14;М49;7;280;Поступление
10474;2024-11-07;М59;135;60;Продажа
10496;2024-11-12;М46;138;394;Продажа
10504;2024-10-31;М99;1;47;Продажа
10520;2024-11-05;М35;83;240;Поступление
10530;2024-12-12;М34;87;326;Продажа
10535;2024-12-05;М9;102;285;Продажа
10537;2024-12-05;М60;119;294;Продажа
10541;2024-11-30;М35;74;400;Поступление
10551;2024-10-31;М81;140;360;Поступление
10565;2024-10-25;М26;82;236;Продажа
10585;2024-10-12;М73;119;238;Продажа
10599;2024-12-12;М89;25;240;Поступление
10609;2024-11-27;М42;103;340;Поступление
10632;2024-12-02;М42;148;243;Продажа
10639;2024-11-08;М9;130;280;Поступление
10652;2024-10-12;М75;78;320;Поступление
10654;2024-11-10;М2;129;387;Продажа
10665;2024-11-02;М68;75;380;Поступление
10675;2024-10-02;М35;137;307;Продажа
10679;2024-10-20;М9;137;320;Поступление
10680;2024-11-07;М2;71;114;Продажа
10682;2024-11-27;М54;121;41;Продажа
10684;2024-11-18;М54;153;330;Продажа
10685;2024-11-19;М42;80;340;Поступление
10721;2024-11-04;М77;46;281;Продажа
10725;2024-11-18;М59;99;80;Поступление
10744;2024-10-19;М35;115;120;Поступление
10760;2024-12-15;М15;142;100;Поступление
10761;2024-10-22;М59;58;180;Поступление
10768;2024-11-25;М35;18;350;Продажа
10780;2024-11-23;М99;157;348;Продажа
10847;2024-10-06;М73;134;360;Поступление
10870;2024-11-04;М21;21;140;Поступление
10881;2024-11-12;М21;14;160;Поступление
10886;2024-12-15;М7;71;124;Продажа
10891;2024-10-20;М68;41;244;Продажа
10902;2024-10-10;М42;127;72;Продажа
10907;2024-11-15;М84;65;300;Поступление
10924;2024-10-21;М21;61;169;Продажа
10931;2024-10-28;М89;76;371;Продажа
10947;2024-12-05;М52;29;212;Продажа
10993;2024-10-16;М14;102;400;Поступление
11007;2024-10-18;М9;118;67;Продажа
11013;2024-11-07;М79;28;340;Продажа
11014;2024-12-05;М15;129;19;Продажа
11025;2024-11-08;М42;9;320;Поступление
11046;2024-12-06;М49;138;35;Продажа
11047;2024-10-21;М9;109;140;Поступление
11073;2024-12-07;М9;66;352;Продажа
11074;2024-11-11;М46;113;200;Поступление
11076;2024-12-06;М42;147;377;Продажа
11077;2024-10-05;М77;32;380;Поступление
11078;2024-10-18;М75;37;203;Продажа
11079;2024-11-22;М54;107;104;Продажа
11101;2024-10-11;М35;70;400;Поступление
11106;2024-10-01;М77;33;260;Поступление
11122;2024-10-16;М77;126;295;Продажа
11123;2024-11-04;М89;7;385;Продажа
11124;2024-11-25;М14;124;199;Продажа
11139;2024-10-05;М68;109;320;Поступление
11141;2024-10-18;М46;91;380;Поступление
11149;2024-12-06;М75;22;260;Поступление
11157;2024-11-19;М42;26;148;Продажа
11172;2024-11-26;М2;101;384;Продажа
11178;2024-11-06;М21;64;235;Продажа
11179;2024-10-03;М25;84;260;Поступление
11225;2024-11-25;М81;78;172;Продажа
11227;2024-11-18;М25;126;280;Поступление
11237;2024-12-02;М21;158;40;Продажа
11239;2024-11-30;М42;9;200;Поступление
11265;2024-12-16;М52;56;368;Продажа
11282;2024-10-11;М34;123;364;Продажа
11298;2024-10-13;М46;4;100;Поступление
11303;2024-11-23;М73;10;260;Поступление
11310;2024-11-10;М52;85;96;Продажа
11319;2024-11-08;М81;57;137;Продажа
11335;2024-10-20;М7;123;360;Поступление
11339;2024-12-08;М48;35;86;Продажа
11342;2024-12-01;М48;73;31;Продажа
11348;2024-10-27;М35;109;340;Поступление
11366;2024-10-21;М7;29;72;Продажа
11386;2024-10-18;М26;24;237;Продажа
11405;2024-10-14;М42;70;140;Поступление
11406;2024-10-26;М21;47;281;Продажа
11422;2024-12-02;М25;107;285;Продажа
11440;2024-12-11;М34;152;180;Поступление
11452;2024-11-08;М7;149;69;Продажа
11459;2024-10-20;М46;121;62;Продажа
11460;2024-12-15;М49;43;200;Поступление
11461;2024-10-16;М44;113;240;Поступление
11465;2024-10-26;М49;7;180;Поступление
11470;2024-10-04;М21;45;78;Продажа
11476;2024-11-11;М2;20;260;Поступление
11479;2024-12-17;М66;13;47;Продажа
11489;2024-12-10;М46;56;351;Продажа
11490;2024-11-14;М77;48;302;Продажа
11510;2024-11-27;М99;76;183;Продажа
11519;2024-11-10;М44;20;305;Продажа
11520;2024-10-24;М52;98;378;Продажа
11525;2024-12-14;М52;72;380;Поступление
11531;2024-10-22;М48;60;62;Продажа
11539;2024-10-24;М15;82;35;Продажа
11544;2024-11-21;М42;3;279;Продажа
11555;2024-11-09;М59;15;340;Поступление
11559;2024-10-04;М49;159;311;Продажа
11575;2024-11-14;М14;65;255;Продажа
11576;2024-12-14;М35;107;206;Продажа
11577;2024-10-26;М75;148;108;Продажа
11582;2024-10-25;М46;11;220;Поступление
11584;2024-12-05;М52;109;278;Продажа
11597;2024-12-06;М52;155;365;Продажа
11622;2024-10-04;М73;92;109;Продажа
11628;2024-12-12;М52;132;380;Поступление
11652;2024-10-28;М48;132;325;Продажа
11666;2024-11-05;М15;12;7;Продажа
11669;2024-10-21;М79;87;389;Продажа
11674;2024-10-06;М60;113;232;Продажа
11684;2024-10-26;М2;155;66;Продажа
11687;2024-11-08;М46;4;344;Продажа
11701;2024-10-03;М49;51;140;Поступление
11702;2024-10-25;М26;97;200;Поступление
11711;2024-10-14;М48;57;260;Поступление
11721;2024-11-18;М14;110;232;Продажа
11727;2024-10-12;М44;21;38;Продажа
11741;2024-12-12;М26;143;340;Поступление
11742;2024-11-03;М34;65;189;Продажа
11787;2024-11-17;М49;104;312;Продажа
11815;2024-11-07;М21;108;6;Продажа
11816;2024-10-02;М14;159;232;Продажа
11831;2024-11-26;М66;15;360;Поступление
11832;2024-12-18;М25;149;160;Поступление
11854;2024-10-16;М73;22;400;Поступление
11865;2024-12-08;М59;135;336;Продажа
11885;2024-11-19;М49;99;223;Продажа
11891;2024-10-19;М52;135;340;Поступление
11908;2024-12-03;М21;117;260;Поступление
11940;2024-12-12;М46;88;392;Продажа
11957;2024-11-25;М48;23;200;Поступление
11965;2024-11-15;М26;44;80;Поступление
11972;2024-10-11;М75;125;260;Поступление
11977;2024-12-15;М59;108;220;Поступление
11996;2024-11-25;М9;15;80;Поступление
12009;2024-10-18;М77;158;263;Продажа
12013;2024-10-15;М79;55;280;Поступление
12043;2024-10-15;М25;3;342;Продажа
12067;2024-12-18;М34;102;320;Поступление
12068;2024-10-31;М34;48;278;Продажа
12072;2024-10-23;М34;57;386;Продажа
12078;2024-10-31;М60;17;380;Поступление
12081;2024-10-30;М77;94;17;Продажа
12087;2024-11-02;М2;86;64;Продажа
12093;2024-11-09;М68;20;177;Продажа
12120;2024-10-09;М59;86;200;Поступление
12145;2024-12-18;М54;99;260;Продажа
12151;2024-11-06;М68;84;33;Продажа
12160;2024-11-16;М35;57;340;Поступление
12174;2024-10-02;М59;26;153;Продажа
12184;2024-12-12;М34;127;384;Продажа
12206;2024-11-04;М49;93;369;Продажа
12213;2024-12-13;М52;150;100;Поступление
12228;2024-11-27;М73;71;20;Продажа
12233;2024-11-03;М52;69;181;Продажа
12252;2024-10-24;М9;135;232;Продажа
12258;2024-11-02;М9;37;68;Продажа
12276;2024-11-12;М44;98;352;Продажа
12282;2024-11-13;М46;121;200;Поступление
12298;2024-10-28;М48;133;380;Поступление
12310;2024-10-27;М15;124;300;Поступление
12319;2024-10-30;М54;53;110;Продажа
12328;2024-11-12;М44;7;376;Продажа
12334;2024-10-04;М48;125;319;Продажа
12338;2024-11-06;М21;55;304;Продажа
12341;2024-10-11;М77;117;209;Продажа
12353;2024-10-15;М42;88;95;Продажа
12358;2024-10-09;М68;6;360;Поступление
12364;2024-10-08;М84;58;258;Продажа
12370;2024-12-04;М79;55;300;Поступление
12379;2024-10-16;М48;126;82;Продажа
12387;2024-11-29;М81;71;140;Поступление
12403;2024-10-25;М52;128;240;Поступление
12404;2024-11-03;М54;106;180;Поступление
12437;2024-10-21;М49;40;160;Поступление
12445;2024-10-22;М2;92;243;Продажа
12464;2024-10-07;М79;48;5;Продажа
12476;2024-10-10;М54;135;360;Продажа
12480;2024-12-14;М25;90;320;Поступление
12507;2024-11-27;М99;91;212;Продажа
12522;2024-10-24;М52;132;150;Продажа
12530;2024-10-14;М15;118;240;Поступление
12540;2024-11-10;М44;97;365;Продажа
12545;2024-12-13;М77;115;180;Поступление
12562;2024-10-12;М75;158;190;Продажа
12577;2024-11-21;М59;44;122;Продажа
12581;2024-12-01;М68;125;343;Продажа
12603;2024-11-05;М68;31;319;Продажа
12615;2024-10-01;М21;91;62;Продажа
12643;2024-10-17;М68;151;181;Продажа
12644;2024-11-25;М99;127;220;Поступление
12652;2024-11-02;М46;50;321;Продажа
12654;2024-11-21;М49;25;231;Продажа
12668;2024-11-03;М54;36;82;Продажа
12676;2024-10-14;М66;54;292;Продажа
12685;2024-10-13;М44;16;100;Поступление
12704;2024-11-27;М48;135;320;Поступление
12714;2024-12-17;М46;84;220;Поступление
12716;2024-12-05;М9;20;27;Продажа
12728;2024-10-24;М35;97;300;Поступление
12735;2024-11-11;М59;10;257;Продажа
12737;2024-11-07;М54;69;300;Поступление
12741;2024-10-02;М25;145;73;Продажа
12743;2024-11-17;М52;80;280;Поступление
12748;2024-11-13;М26;125;248;Продажа
12749;2024-12-08;М15;135;374;Продажа
12750;2024-11-13;М26;83;108;Продажа
12773;2024-11-08;М35;24;82;Продажа
12783;2024-11-03;М34;48;149;Продажа
12784;2024-10-20;М14;135;363;Продажа
12795;2024-12-02;М46;143;199;Продажа
12809;2024-12-03;М81;44;200;Поступление
12820;2024-12-13;М15;122;255;Продажа
12829;2024-12-11;М42;8;56;Продажа
12841;2024-10-14;М46;37;384;Продажа
12847;2024-12-09;М25;71;320;Поступление
12861;2024-10-05;М89;84;320;Поступление
12865;2024-10-15;М42;122;280;Поступление
12889;2024-10-28;М54;80;313;Продажа
12915;2024-10-13;М68;131;63;Продажа
12921;2024-11-09;М79;145;279;Продажа
12926;2024-12-03;М99;159;249;Продажа
12952;2024-11-06;М21;96;212;Продажа
12961;2024-10-21;М42;112;153;Продажа
12963;2024-10-18;М60;87;213;Продажа
12970;2024-10-16;М89;37;120;Поступление
12975;2024-12-09;М44;153;278;Продажа
12982;2024-12-02;М21;64;340;Поступление
12985;2024-10-27;М59;151;140;Поступление
13002;2024-12-11;М26;130;10;Продажа
13015;2024-11-24;М14;36;340;Поступление
13023;2024-11-22;М89;126;138;Продажа
13031;2024-12-16;М46;139;151;Продажа
13044;2024-12-03;М14;54;140;Поступление
13046;2024-12-12;М77;67;380;Поступление
13053;2024-11-15;М9;159;120;Поступление
13059;2024-12-08;М15;8;299;Продажа
13093;2024-11-09;М73;67;350;Продажа
13099;2024-11-09;М9;85;280;Поступление
13102;2024-11-19;М44;8;114;Продажа
13110;2024-11-17;М34;33;380;Поступление
13120;2024-11-16;М75;141;200;Поступление
13131;2024-10-15;М66;100;252;Продажа
13142;2024-11-06;М68;32;238;Продажа
13150;2024-10-24;М66;158;397;Продажа
13163;2024-11-03;М14;51;21;Продажа
13164;2024-10-18;М54;102;36;Продажа
13172;2024-11-30;М89;107;378;Продажа
13177;2024-12-05;М81;55;168;Продажа
13181;2024-10-27;М75;110;100;Поступление
13182;2024-10-19;М81;110;233;Продажа
13185;2024-11-03;М35;118;311;Продажа
13188;2024-10-30;М35;155;188;Продажа
13221;2024-11-29;М44;15;92;Продажа
13235;2024-11-19;М7;157;207;Продажа
13237;2024-11-22;М60;3;84;Продажа
13244;2024-12-17;М59;58;398;Продажа
13249;2024-12-01;М99;19;88;Продажа
13279;2024-10-25;М15;77;339;Продажа
13285;2024-10-09;М9;83;280;Поступление
13296;2024-11-01;М54;31;2;Продажа
13303;2024-12-16;М84;56;80;Поступление
13304;2024-11-15;М54;108;320;Поступление
13316;2024-10-04;М77;156;107;Продажа
13321;2024-10-12;М26;38;338;Продажа
13328;2024-10-02;М14;89;140;Поступление
13329;2024-11-05;М81;48;140;Поступление
13347;2024-11-22;М49;93;160;Поступление
13367;2024-10-09;М60;94;48;Продажа
13372;2024-12-03;М35;6;264;Продажа
13375;2024-12-10;М42;26;191;Продажа
13386;2024-12-10;М52;94;100;Продажа
13397;2024-10-03;М54;35;308;Продажа
13419;2024-11-26;М54;40;259;Продажа
13424;2024-10-04;М35;1;300;Поступление
13426;2024-10-10;М42;145;143;Продажа
13428;2024-10-08;М52;133;76;Продажа
13447;2024-10-12;М54;87;89;Продажа
13451;2024-11-17;М35;82;120;Поступление
13452;2024-11-19;М46;90;41;Продажа
13462;2024-10-17;М34;153;260;Поступление
13473;2024-11-14;М81;108;80;Поступление
13489;2024-11-16;М84;72;222;Продажа
13491;2024-12-06;М79;87;332;Продажа
13496;2024-12-14;М9;10;195;Продажа
13504;2024-11-22;М42;103;268;Продажа
13514;2024-11-10;М35;53;397;Продажа
13536;2024-11-06;М54;52;340;Поступление
13540;2024-10-04;М60;54;224;Продажа
13547;2024-10-16;М77;118;365;Продажа
13548;2024-10-06;М35;87;80;Поступление
13549;2024-10-11;М59;124;133;Продажа
13553;2024-11-02;М89;74;132;Продажа
13556;2024-11-06;М60;115;180;Поступление
13568;2024-11-26;М84;63;230;Продажа
13572;2024-11-29;М7;18;225;Продажа
13577;2024-10-21;М81;107;45;Продажа
13586;2024-12-13;М99;81;14;Продажа
13602;2024-11-24;М46;153;124;Продажа
13607;2024-10-30;М68;156;180;Продажа
13615;2024-11-06;М35;3;380;Поступление
13618;2024-10-03;М75;39;200;Поступление
13630;2024-12-13;М77;13;400;Поступление
13640;2024-12-01;М68;158;320;Поступление
13671;2024-11-27;М21;155;180;Продажа
13680;2024-10-25;М84;149;246;Продажа
13692;2024-10-14;М49;81;54;Продажа
13695;2024-11-25;М9;41;300;Поступление
13714;2024-11-13;М59;13;311;Продажа
13718;2024-10-27;М52;115;377;Продажа
13730;2024-10-22;М2;29;91;Продажа
13732;2024-10-16;М81;75;109;Продажа
13738;2024-10-20;М59;98;280;Поступление
13749;2024-10-03;М9;129;323;Продажа
13755;2024-10-10;М21;74;135;Продажа
13757;2024-10-14;М84;14;249;Продажа
13758;2024-12-06;М25;26;210;Продажа
13769;2024-11-09;М89;28;140;Поступление
13786;2024-12-17;М68;150;280;Поступление
13804;2024-12-01;М60;71;122;Продажа
13817;2024-10-17;М49;15;260;Поступление
13819;2024-10-16;М73;76;360;Поступление
13826;2024-10-29;М9;50;25;Продажа
13830;2024-10-08;М68;1;175;Продажа
13853;2024-10-15;М59;108;322;Продажа
13855;2024-11-12;М14;15;280;Поступление
13859;2024-10-04;М66;97;167;Продажа
13864;2024-11-30;М7;114;64;Продажа
13874;2024-12-18;М26;70;20;Продажа
13898;2024-10-05;М46;156;97;Продажа
13908;2024-10-27;М99;90;396;Продажа
13910;2024-10-15;М77;156;120;Поступление
13932;2024-12-03;М54;90;80;Поступление
13938;2024-12-01;М75;11;100;Поступление
13947;2024-10-10;М68;13;340;Поступление
13948;2024-12-16;М73;7;265;Продажа
13950;2024-12-14;М77;125;153;Продажа
13960;2024-12-14;М44;129;288;Продажа
13968;2024-11-15;М15;25;280;Поступление
13978;2024-11-07;М66;12;360;Поступление
13984;2024-10-09;М52;42;214;Продажа
14003;2024-10-03;М66;139;87;Продажа
14008;2024-12-16;М42;14;320;Поступление
14009;2024-12-02;М21;61;64;Продажа
14024;2024-11-06;М52;98;56;Продажа
14029;2024-11-03;М7;38;339;Продажа
14031;2024-12-12;М35;133;252;Продажа
14033;2024-10-07;М49;108;147;Продажа
14041;2024-11-15;М42;24;380;Поступление
14042;2024-11-21;М34;5;180;Поступление
14044;2024-10-31;М25;107;224;Продажа
14049;2024-10-21;М89;59;400;Поступление
14057;2024-11-14;М35;8;340;Поступление
14060;2024-12-05;М35;62;392;Продажа
14068;2024-11-07;М81;19;222;Продажа
14082;2024-11-13;М14;43;67;Продажа
14091;2024-10-17;М21;115;260;Поступление
14092;2024-10-31;М73;132;34;Продажа
14095;2024-10-18;М26;136;72;Продажа
14097;2024-12-09;М44;1;140;Поступление
14099;2024-10-20;М81;43;340;Поступление
14126;2024-10-15;М89;67;280;Поступление
14137;2024-11-09;М35;82;309;Продажа
14142;2024-12-01;М44;28;160;Продажа
14152;2024-11-14;М34;113;374;Продажа
14155;2024-11-25;М54;9;184;Продажа
14165;2024-10-26;М35;55;193;Продажа
14173;2024-11-21;М52;159;200;Поступление
14184;2024-11-21;М26;80;206;Продажа
14201;2024-11-21;М9;57;216;Продажа
14207;2024-11-15;М89;1;220;Поступление
14209;2024-11-18;М79;56;97;Продажа
14214;2024-12-02;М26;127;61;Продажа
14216;2024-11-24;М35;67;362;Продажа
14220;2024-11-27;М44;3;300;Поступление
14222;2024-10-10;М2;24;256;Продажа
14246;2024-11-10;М60;19;300;Поступление
14253;2024-10-22;М46;126;145;Продажа
14260;2024-10-31;М89;69;120;Поступление
14281;2024-12-12;М89;104;315;Продажа
14285;2024-11-06;М9;30;345;Продажа
14286;2024-10-27;М14;128;340;Поступление
14288;2024-12-01;М52;131;200;Поступление
14298;2024-10-16;М60;48;230;Продажа
14312;2024-11-14;М34;68;195;Продажа
14326;2024-11-30;М73;145;276;Продажа
14327;2024-10-23;М54;45;365;Продажа
14334;2024-10-08;М73;146;400;Поступление
14336;2024-10-14;М21;47;252;Продажа
14341;2024-12-19;М68;83;400;Поступление
14344;2024-10-16;М46;23;188;Продажа
14347;2024-10-09;М99;24;145;Продажа
14353;2024-12-03;М35;69;140;Поступление
14357;2024-10-03;М59;19;33;Продажа
14361;2024-10-10;М42;119;100;Поступление
14362;2024-10-15;М79;120;49;Продажа
14367;2024-11-29;М66;104;13;Продажа
14369;2024-12-18;М89;99;53;Продажа
14372;2024-10-29;М79;23;245;Продажа
14378;2024-11-28;М46;44;329;Продажа
14386;2024-10-28;М14;91;114;Продажа
14390;2024-12-01;М60;38;186;Продажа
14405;2024-12-03;М89;91;132;Продажа
14406;2024-10-11;М34;4;240;Поступление
14417;2024-10-14;М21;134;139;Продажа
14424;2024-11-10;М46;123;180;Поступление
14427;2024-11-02;М84;48;151;Продажа
14429;2024-11-08;М2;127;289;Продажа
14457;2024-10-09;М15;13;111;Продажа
14464;2024-10-18;М21;152;300;Поступление
14469;2024-11-19;М84;114;180;Поступление
14473;2024-10-30;М73;133;6;Продажа
14483;2024-10-30;М21;61;120;Поступление
14486;2024-12-17;М84;111;366;Продажа
14515;2024-10-24;М68;81;236;Продажа
14516;2024-11-03;М15;132;258;Продажа
14527;2024-12-19;М77;28;80;Поступление
14529;2024-10-01;М59;94;216;Продажа
14533;2024-11-14;М84;135;192;Продажа
14560;2024-11-21;М99;43;380;Поступление
14562;2024-11-16;М35;18;220;Поступление
14571;2024-12-07;М15;132;385;Продажа
14576;2024-11-21;М60;135;320;Поступление
14591;2024-11-01;М73;134;154;Продажа
14607;2024-11-10;М35;159;321;Продажа
14626;2024-12-05;М44;147;350;Продажа
14640;2024-11-02;М59;19;237;Продажа
14648;2024-10-05;М59;125;340;Поступление
14653;2024-11-06;М75;35;367;Продажа
14665;2024-11-29;М68;79;380;Поступление
14679;2024-12-08;М60;32;204;Продажа
14709;2024-10-05;М7;103;324;Продажа
